{
  "results": [
    {
      "command": "NarrowDB",
      "mean": 0.15441219526222222,
      "stddev": 0.008486512578593685,
      "median": 0.15118537554,
      "user": 0.15834786,
      "system": 0.01124402888888889,
      "min": 0.14889198004,
      "max": 0.18060285504,
      "times": [
        0.15451223004,
        0.14947189704,
        0.18060285504,
        0.15233748004,
        0.14968714704,
        0.14889198004,
        0.15312235504,
        0.15081806304,
        0.15064602104,
        0.15017618804,
        0.15188989704,
        0.15825948004,
        0.15027606304,
        0.17270689704,
        0.15304460504,
        0.15060560504,
        0.15129252104,
        0.15107823004
      ],
      "memory_usage_byte": [
        108953600,
        108953600,
        108953600,
        108953600,
        108953600,
        108953600,
        108953600,
        108953600,
        108953600,
        108953600,
        108953600,
        108953600,
        108953600,
        108953600,
        108953600,
        108953600,
        108953600,
        108953600
      ],
      "exit_codes": [
        0,
        0,
        0,
        0,
        0,
        0,
        0,
        0,
        0,
        0,
        0,
        0,
        0,
        0,
        0,
        0,
        0,
        0
      ]
    },
    {
      "command": "DuckDB",
      "mean": 0.62152117994,
      "stddev": 0.01444841841239048,
      "median": 0.6154487715400001,
      "user": 0.8984495600000001,
      "system": 0.023367939999999997,
      "min": 0.6079679390400001,
      "max": 0.6445648960400001,
      "times": [
        0.6079679390400001,
        0.64071118804,
        0.6111904380400001,
        0.61996535504,
        0.6395130210400001,
        0.6114528130400001,
        0.6109115640400001,
        0.6445648960400001,
        0.6094898550400001,
        0.6194447300400001
      ],
      "memory_usage_byte": [
        132759552,
        136544256,
        136544256,
        136544256,
        136544256,
        136544256,
        136544256,
        136904704,
        136904704,
        136904704
      ],
      "exit_codes": [
        0,
        0,
        0,
        0,
        0,
        0,
        0,
        0,
        0,
        0
      ]
    }
  ]
}
